{
  "Male_Young": [
    0.19124848279663806,
    0.1519030214478159,
    0.16179230841315556,
    0.11642227976462494,
    0.21101690773313325,
    0.1389547545286501,
    0.1773630249132717,
    0.1630695111395569,
    0.0,
    0.2049628336606457,
    0.18841634980988614,
    0.2680961265326709,
    0.16100000000000106,
    0.20014704768487943,
    0.19549999999999892,
    0.16100000000000095,
    0.18701672535211236,
    0.0,
    0.09999999999999779,
    0.0
  ],
  "LowIncome_Young": [
    0.16100000000000128,
    0.19549999999999745,
    0.21074197789003776,
    0.1757344530336873,
    0.12231246442499263,
    0.11559579176250524,
    0.16100000000000128,
    0.17756327445293466,
    0.19549999999999934,
    0.201626899045691,
    0.16100000000000128,
    0.24951338316343827,
    0.19549999999999865,
    0.209348525178671,
    0.18103383622808192,
    0.19549999999999673,
    0.0,
    0.03407653910149699,
    0.09999999999999867,
    0.0
  ],
  "Female_Young": [
    0.286931544472625,
    0.16100000000000128,
    0.19975400069186294,
    0.16100000000000128,
    0.0,
    0.0,
    0.16100000000000128,
    0.17534590318317556,
    0.1692512034935883,
    0.1954999999999945,
    0.2032760001351912,
    0.21324334939894932,
    0.16100000000000114,
    0.13805135257251044,
    0.181967719709025,
    0.12114130974525701,
    0.0,
    0.0,
    0.0,
    0.08562804753509927
  ],
  "LowIncome_Male_Old": [
    0.16547848989216382,
    0.1591113610798634,
    0.3658134577280946,
    0.36711910234572004,
    0.5486915065085742,
    0.3040916030534355,
    0.23802718658570185,
    0.19460924881044012,
    0.19460924881044012,
    0.23802718658570185,
    0.19550000000000045,
    1.7051999724121818,
    0.33934867778497674,
    0.11499999999999905,
    0.36762295081967505,
    0.6354407157362153,
    0.12107843492939056,
    0.12107843492939056,
    0.3443079366593469,
    0.11500000000000181
  ],
  "HighIncome_Male_Old": [
    0.16144350235466381,
    0.1675405221858327,
    0.2020791934419672,
    0.21781021145174692,
    0.19383131947550186,
    0.2985634605887047,
    0.11500000000000052,
    0.13380503144653896,
    0.13380503144653896,
    0.11642227976462495,
    0.11642227976462495,
    0.11499999999999884,
    0.11499999999999902,
    0.11499999999999902,
    0.1610000000000011,
    0.15948396639052792,
    0.15948396639052792,
    0.11500000000000019,
    0.1511033634596667,
    0.1149999999999998
  ],
  "HighIncome_Old": [
    0.16100000000000123,
    0.16100000000000117,
    0.17616453345002922,
    0.16100000000000084,
    0.0,
    0.16100000000000095,
    0.0,
    0.17899576225987043,
    0.1855343689137504,
    0.19549999999999979,
    0.1610000000000009,
    0.16100000000000123,
    0.1981207838032006,
    0.16100000000000098,
    0.21602335605690615,
    0.19685581774256605,
    0.0,
    0.0012145748987854252,
    0.0,
    0.09999999999999935
  ],
  "LowIncome_Male": [
    0.16311915813063685,
    0.1149999999999995,
    0.1773709273182909,
    0.16099999999999795,
    0.11500000000000012,
    0.1609999999999946,
    0.19549999999999748,
    0.17174613274432518,
    0.16100000000000128,
    0.08209631728045388,
    0.19549999999999784,
    0.19683088260730314,
    0.16100000000000086,
    0.18993321926407553,
    0.12439706079754582,
    0.0,
    0.0,
    0.0,
    0.0,
    0.0
  ],
  "LowIncome_Old": [
    0.16100000000000125,
    0.1954999999999996,
    0.1686393237406244,
    0.1686393237406244,
    0.16100000000000128,
    0.16815465070203447,
    0.15589766797669624,
    0.16099999999999073,
    0.12991524925922263,
    0.19549999999999362,
    0.1610000000000013,
    0.17159550561797884,
    0.1761629675758994,
    0.1761629675758994,
    0.1617636908129676,
    0.19782068128720462,
    0.04246404002501456,
    0.0,
    0.0,
    0.0536193361907557
  ],
  "HighIncome_Male": [
    0.1305244749825603,
    0.12537321086966696,
    0.12537321086966696,
    0.2208422590686343,
    0.0,
    0.13098266711645587,
    0.11500000000000009,
    0.16100000000000086,
    0.20723285683908496,
    0.1954999999999988,
    0.0,
    0.1610000000000008,
    0.23585482814883627,
    0.16100000000000025,
    0.19549999999999917,
    0.1472737541532712,
    0.01293096214540015,
    0.0,
    0.0,
    0.10000000000000085
  ],
  "Male_Old": [
    0.18477124729137337,
    0.19960721791272848,
    0.0,
    0.20511261458695007,
    0.0,
    0.19550000000000012,
    0.16100000000000128,
    0.19549999999999623,
    0.16100000000000111,
    0.16100000000000128,
    0.1611462395557443,
    0.1610000000000012,
    0.18427122641509386,
    0.043095723014256605,
    0.08071808510638123,
    0.0,
    0.0,
    0.17291875594103961,
    0.11499999999999955,
    0.0
  ],
  "Female_HighIncome_Old": [
    0.1149999999999997,
    0.7634690942994573,
    0.24242462311557517,
    0.4501928968125824,
    0.13332846198962828,
    0.7218459822419195,
    0.159120637227909,
    0.159120637227909,
    0.1405814390907868,
    0.4629732606824264,
    1.0695010545647696,
    1.0695010545647696,
    0.3525796894102106,
    0.25894547491545095,
    0.2029711284586337,
    0.2029711284586337,
    0.11499999999999952,
    0.15796961018990763,
    0.15543478260869592,
    0.11499999999999999
  ],
  "Female_LowIncome": [
    0.11500000000000381,
    0.1549303258059353,
    0.13096664904735947,
    0.14106179278369296,
    0.1424339122743665,
    0.11929028979368501,
    0.1242337268995546,
    0.1610000000000011,
    0.1609999999999855,
    0.19550000000000106,
    0.16100000000000128,
    0.18393681318681526,
    0.19550000000000053,
    0.16100000000000128,
    0.1954999999999985,
    0.16363896152464588,
    0.09999999999999619,
    0.0,
    0.0,
    0.0
  ],
  "Female_Old": [
    0.19549999999999365,
    0.19549999999999385,
    0.16162345368150888,
    0.17878551376122814,
    0.19042367332873536,
    0.1776446294096287,
    0.16406122448979715,
    0.1610000000000012,
    0.0,
    0.0,
    0.0,
    0.13058042578356194,
    0.16002270011435316,
    0.1149999999999999,
    0.0,
    0.0,
    0.11519872710756665,
    0.0,
    0.09307721567135427,
    0.15263498863459227
  ],
  "LowIncome_Male_Young": [
    0.17199624530663898,
    0.12089571938431382,
    0.12089571938431382,
    0.11500000000000143,
    0.11500000000000166,
    0.11500000000000166,
    0.12526758119732032,
    0.136010586525921,
    0.2570354076995023,
    0.11499999999999833,
    0.11499999999999949,
    0.11499999999999949,
    0.11499999999999798,
    0.1149999999999989,
    0.1149999999999989,
    0.1279190960527159,
    2.0585915492958065,
    0.11499999999999945,
    0.11499999999999945,
    0.22575949367088632
  ],
  "Female_HighIncome": [
    0.14056740328199163,
    0.135180115295324,
    0.13617886374367322,
    0.13617886374367322,
    0.18503395332567993,
    0.18503395332567993,
    0.15334358562692815,
    0.13115080600856552,
    0.16100000000000095,
    0.16100000000000095,
    0.1610000000000011,
    0.16099999999999984,
    0.16100000000000086,
    0.1954999999999985,
    0.1609999999999998,
    0.1610000000000002,
    0.19549999999999998,
    0.0,
    0.0,
    0.0
  ],
  "Female_HighIncome_Young": [
    0.4564356834173831,
    0.4525428360587796,
    0.4525428360587796,
    0.5034107043875214,
    0.4387968988306523,
    0.5332396871690154,
    0.2544157420389614,
    0.1751096497966099,
    0.18444503003116158,
    0.30598974654144573,
    0.27121504203174335,
    0.10650246305418694,
    0.1610000000000007,
    0.1988163608638071,
    0.24182494161017515,
    0.3943036398926557,
    0.13270001756715047,
    0.11591879370919417,
    0.1339887759573329,
    0.12858327371277808
  ],