{
  "HighIncome_Young": [
    0.20761674573299682,
    0.19549999999999998,
    0.18868048785257874,
    0.18868048785257874,
    0.19550000000000067,
    0.2341382018422288,
    0.1314097839898341,
    0.1314097839898341,
    0.12080079901235835,
    0.16100000000000017,
    0.16280588888746123,
    0.1955000000000008,
    0.14641640368168377,
    0.06316210069693044,
    0.0,
    0.20664352266667418,
    0.17193582696064613,
    0.16061019249173025,
    0.20292976215679678,
    0.0
  ],
  "Female_Old": [
    0.187392876217063,
    0.187996532298658,
    0.0,
    0.0,
    0.17507636749674763,
    0.16100000000000114,
    0.18395609998997214,
    0.13580752868438847,
    0.19549999999999995,
    0.17252047203369908,
    0.14566369652818542,
    0.2086847448969854,
    0.0,
    0.0,
    0.09999999999999797,
    0.0,
    0.031343283582089564,
    0.12562976172428572,
    0.0,
    0.015850439882697964
  ],
  "Male_Young": [
    0.11733294296421211,
    0.12335728208351066,
    0.20210093573462062,
    0.16100000000000128,
    0.13995649350649386,
    0.19550000000000342,
    0.11499999999999955,
    0.1821872023480467,
    0.0,
    0.16100000000000114,
    0.19978108962141108,
    0.15072368419460286,
    0.14443472826883927,
    0.2013815204209714,
    0.0,
    0.10665061532141543,
    0.0,
    0.02096782436459774,
    0.0,
    0.19446160842299423
  ],
  "HighIncome_Male": [
    0.16100000000000114,
    0.21267324787549377,
    0.11499999999999999,
    0.19549999999999906,
    0.2665791329305759,
    0.19549999999999962,
    0.19550000000000056,
    0.1610000000000005,
    0.26963560204105314,
    0.16100000000000114,
    0.17308050210078016,
    0.21239536819618032,
    0.0,
    0.0803380281690146,
    0.19549999999999848,
    0.16100000000000017,
    0.17698085163323168,
    0.19763281480685133,
    0.17671848503900262,
    0.0
  ],
  "LowIncome_Male_Old": [
    0.11499999999999948,
    0.11499999999999948,
    0.2692099478962244,
    0.16458376082966392,
    0.739525547445246,
    0.1979369106126903,
    0.11835447710755884,
    0.24342189196658268,
    0.17350116462564444,
    0.11499999999999977,
    0.23458507134647205,
    0.11500000000000014,
    0.12078044854431337,
    0.12194179942445409,
    0.12194179942445409,
    0.16100000000000084,
    0.16100000000000084,
    0.11499999999999946,
    0.11499999999999791,
    0.11499999999999791
  ],
  "LowIncome_Male": [
    0.15111408228938378,
    0.0,
    0.14827185732017675,
    0.12646976238112492,
    0.20964852091297717,
    0.16851870875197006,
    0.19549999999999368,
    0.11500000000000164,
    0.1954999999999977,
    0.19550000000000028,
    0.16100000000000128,
    0.17404844637487205,
    0.0995223152022303,
    0.0,
    0.19864384753781553,
    0.0818975585085196,
    0.11499999999999988,
    0.09999999999999995,
    0.10395006946170524,
    0.0788664323374315
  ],
  "Female_LowIncome": [
    0.19701422446614136,
    0.1662257268640391,
    0.19550000000000398,
    0.16099999999999975,
    0.1237255440746945,
    0.15292829321311444,
    0.1834328156747195,
    0.19961565556492575,
    0.19273444141301985,
    0.19550000000001125,
    0.19550000000001125,
    0.0,
    0.19550000000000078,
    0.09240686274313475,
    0.0,
    0.08590339892665139,
    0.13259055450842278,
    0.0,
    0.0,
    0.0
  ],
  "LowIncome_Male_Young": [
    0.15602454208400132,
    0.1660664628050467,
    0.25871582560338546,
    0.1383594490173228,
    0.24488504173096265,
    0.16002284998144853,
    0.11499999999999996,
    0.3153946677052497,
    0.29423209483819374,
    0.11730208804573328,
    0.1707550547310832,
    0.1707550547310832,
    0.254726759771902,
    0.26497664427084267,
    0.23170553225605853,
    0.14889728700349342,
    0.1291541423892188,
    0.22657452472279463,
    0.11499999999999821,
    0.1493283582089552
  ],
  "HighIncome_Male_Young": [
    0.13760282173010108,
    0.5532375405177181,
    0.276545347867705,
    0.12279884934297997,
    0.1353251998029081,
    0.1353251998029081,
    0.22094793924139072,
    0.2795112018437419,
    0.34675236936347,
    0.2700770493343708,
    0.8977385503975601,
    0.17095451397986142,
    0.11673269938624384,
    0.11673269938624384,
    0.4843035506330047,
    3.6277272727272676,
    0.1226588862576294,
    0.12931904073063183,
    0.1150000000000005,
    0.2698672566371665
  ],
  "Female_HighIncome": [
    0.16100000000000092,
    0.19549999999999945,
    0.1681286549707612,
    0.1610000000000007,
    0.16100000000000095,
    0.17557942926557585,
    0.19550000000000037,
    0.16100000000000064,
    0.19550000000000017,
    0.17787858383283076,
    0.1610000000000007,
    0.17400800069825462,
    0.14444255953264398,
    0.11500000000000007,
    0.16263195778649833,
    0.0,
    0.0,
    0.005698085234955296,
    0.0,
    0.0
  ],
  "HighIncome_Male_Old": [
    0.11763097789019536,
    0.11763097789019536,
    0.13560535087563363,
    0.12174100821687302,
    0.12174100821687302,
    0.11499999999999964,
    0.12197563657707249,
    0.11500000000000042,
    0.3446723646723585,
    0.3058500571816315,
    0.13846057571964743,
    0.15412505920073202,
    0.15412505920073202,
    0.16137562814070042,
    1.1616576467395723,
    0.11500000000000046,
    0.1324908418089804,
    0.11499999999999963,
    0.12738244701107246,
    0.1829487179487185
  ],
  "LowIncome_Young": [
    0.18917737379203817,
    0.19549999999999654,
    0.0,
    0.0,
    0.19549999999999718,
    0.0,
    0.1653717244499207,
    0.16394418914206263,
    0.19550000000000248,
    0.16100000000000114,
    0.19549999999999662,
    0.0,
    0.0,
    0.0,
    0.0,
    0.07623355263157638,
    0.0999999999999965,
    0.09999999999999651,
    0.0,
    0.17884900937732373
  ],
  "Female_Young": [
    0.13418204020454252,
    0.1499291041302633,
    0.20197499150854642,
    0.2024344086256344,
    0.1371995902488344,
    0.11500000000000057,
    0.17556598264212486,
    0.11937155345057611,
    0.16099999999999995,
    0.1609999999999997,
    0.19550000000000084,
    0.161,
    0.0,
    0.16341286280899503,
    0.18589544989956208,
    0.195499999999995,
    0.195499999999995,
    0.0,
    0.0,
    0.0
  ],
  "HighIncome_Old": [
    0.11540197935723695,
    0.11500000000000019,
    0.13322503820794657,
    0.21387458340065488,
    0.1463805554878343,
    0.1824006622516566,
    0.1904150950242931,
    0.1960289014222287,
    0.16100000000000117,
    0.1955000000000004,
    0.19550000000000053,
    0.18406250000000265,
    0.19550000000000167,
    0.17192392463227935,
    0.0,
    0.0,
    0.19549999999999831,
    0.0,
    0.0,
    0.09999999999999946
  ],
  "Male_Old": [
    0.19549999999999368,
    0.19550000000000126,
    0.19549999999999812,
    0.19549999999999812,
    0.1825203844609055,
    0.16100000000000128,
    0.16100000000000128,
    0.11499999999999977,
    0.14803952901598072,
    0.16100000000000078,
    0.16100000000000086,
    0.19550000000000148,
    0.04927831957989533,
    0.1962819229705302,
    0.10000000000000067,
    0.1000000000000004,
    0.0,
    0.0,
    0.0,
    0.10000000000000048
  ],
  "Female_LowIncome_Young": [
    0.14749571738829856,
    0.11964014087166853,
    0.11964014087166853,
    0.1581307311096157,
    0.1581307311096157,
    0.13578003945993894,
    0.15987795112122932,
    0.11500000000000256,
    0.14704581970621072,
    0.14704581970621072,
    0.12075429424944001,
    0.12075429424944001,
    0.11500000000000284,
    0.11805311048635951,
    0.1551388888888859,
    0.11499999999999974,
    0.114999999999998,
    1.4058913405151283,
    0.3108199356913147,
    0.11500000000000062
  ],